<?xml version="1.0" encoding="UTF-8"?><manifest>	<plugin>		<name value="My Organizations Plus"/>		<description value="My Organizations Plus Enhanced module."/>		<handle value="organizationsplus"/>		
<version value="2.0.2"/>		<requires>			<bbversion value="9.1.0"/>		</requires>		<vendor>			<id value="sen"/>			<name value="Seneca College"/>			<url value="http://www.senecac.on.ca"/>			<description value=""/>		</vendor>		<http-actions>			<remove value=""/>		</http-actions>		<module-defs>      		<module-type ext-ref="senorganizations" title="My Organizations Plus" uicreatable="true">        			<jsp-dir>module</jsp-dir>        			<jsp>          				<view>view.jsp</view>        			</jsp>      		</module-type>			<module type="senorganizations" isadmin="false" useraddable="true" isdeletable="true" isdetachable="true" title="My Organizations Plus">				<description>View the organizations in which you are participating in. </description>				<ExtraInfo/>				<module-groups>					<module-group id="Everyone" />				</module-groups>			</module>		</module-defs>		<permissions>			<permission type="attribute" name="user.authinfo" actions="get" />			<permission type="attribute" name="user.personalinfo" actions="get" />		<permission type="persist" name="*" actions="create,persist,modify,delete"/>        <permission type="java.io.FilePermission" name="&amp;lt;&amp;lt;ALL FILES&amp;gt;&amp;gt;" actions="read,write,delete,execute"/>		</permissions>	</plugin></manifest>